Workbook

Sheet 매출소득관리
A1: 세금계산서 발급 및 입금
A2: 발급번호 | B2: 견적번호 | C2: 대상 | D2: 견적명 | E2: 견적금액 (VAT포함) | F2: 입금일 | G2: 입금액 | H2: 인건비 (알바 등) | I2: 자재비 | J2: 비고
A3: =[1]견적서발행!A3 -> 1 | B3: =[1]견적서발행!C3 -> 0 | C3: =[1]견적서발행!D3 -> 0 | D3: =[1]견적서발행!E3 -> 0 | E3: =[1]견적서발행!H3 -> 0 | G3: =E3 -> 0
A4: =[1]견적서발행!A4 -> 2 | B4: =[1]견적서발행!C4 -> 0 | C4: =[1]견적서발행!D4 -> 0 | D4: =[1]견적서발행!E4 -> 0 | E4: =[1]견적서발행!H4 -> 0 | G4: =E4 -> 0
A5: =[1]견적서발행!A5 -> 3 | B5: =[1]견적서발행!C5 -> 0 | C5: =[1]견적서발행!D5 -> 0 | D5: =[1]견적서발행!E5 -> 0 | E5: =[1]견적서발행!H5 -> 0 | G5: =E5 -> 0
A6: =[1]견적서발행!A6 -> 4 | B6: =[1]견적서발행!C6 -> 0 | C6: =[1]견적서발행!D6 -> 0 | D6: =[1]견적서발행!E6 -> 0 | E6: =[1]견적서발행!H6 -> 0 | G6: =E6 -> 0
A7: =[1]견적서발행!A7 -> 5 | B7: =[1]견적서발행!C7 -> 0 | C7: =[1]견적서발행!D7 -> 0 | D7: =[1]견적서발행!E7 -> 0 | E7: =[1]견적서발행!H7 -> 0 | G7: =E7 -> 0
A8: =[1]견적서발행!A8 -> 6 | B8: =[1]견적서발행!C8 -> 0 | C8: =[1]견적서발행!D8 -> 0 | D8: =[1]견적서발행!E8 -> 0 | E8: =[1]견적서발행!H8 -> 0 | G8: =E8 -> 0
A9: =[1]견적서발행!A9 -> 7 | B9: =[1]견적서발행!C9 -> 0 | C9: =[1]견적서발행!D9 -> 0 | D9: =[1]견적서발행!E9 -> 0 | E9: =[1]견적서발행!H9 -> 0 | G9: =E9 -> 0
A10: =[1]견적서발행!A10 -> 8 | B10: =[1]견적서발행!C10 -> 0 | C10: =[1]견적서발행!D10 -> 0 | D10: =[1]견적서발행!E10 -> 0 | E10: =[1]견적서발행!H10 -> 0 | G10: =E10 -> 0
A11: =[1]견적서발행!A11 -> 9 | B11: =[1]견적서발행!C11 -> 0 | C11: =[1]견적서발행!D11 -> 0 | D11: =[1]견적서발행!E11 -> 0 | E11: =[1]견적서발행!H11 -> 0 | G11: =E11 -> 0
A12: =[1]견적서발행!A12 -> 10 | B12: =[1]견적서발행!C12 -> 0 | C12: =[1]견적서발행!D12 -> 0 | D12: =[1]견적서발행!E12 -> 0 | E12: =[1]견적서발행!H12 -> 0 | G12: =E12 -> 0
A13: =[1]견적서발행!A13 -> 11 | B13: =[1]견적서발행!C13 -> 0 | C13: =[1]견적서발행!D13 -> 0 | D13: =[1]견적서발행!E13 -> 0 | E13: =[1]견적서발행!H13 -> 0 | G13: =E13 -> 0
A14: =[1]견적서발행!A14 -> 12 | B14: =[1]견적서발행!C14 -> 0 | C14: =[1]견적서발행!D14 -> 0 | D14: =[1]견적서발행!E14 -> 0 | E14: =[1]견적서발행!H14 -> 0 | G14: =E14 -> 0
... A28: =[1]견적서발행!A28 -> 26 | B28: =[1]견적서발행!C28 -> 0 | C28: =[1]견적서발행!D28 -> 0 | D28: =[1]견적서발행!E28 -> 0 | E28: =[1]견적서발행!H28 -> 0 | G28: =E28 -> 0
F29: 합계금액 | G29: =SUMIFS(G3:G28,F3:F28,"<>",G3:G28,"<>") -> 0 | H29: =SUM(H3:H28) -> 0 | I29: =SUM(G29:H29) -> 0
F30: 부가세(10%) | G30: =G29*0.1 -> 0
F31: 매출액 | G31: =G29-G30 -> 0
F32: 세금 예비비(10%) | G32: =G31*10% -> 0
F33: 최소 통장유지금액 | G33: =G30+G32 -> 0
F34: 영업익 | G34: =G31-G33-H34-I34 -> 0 | H34: =SUM(H3:H28) -> 0 | I34: =SUM(I3:I28) -> 0
